{"cameraMode":{"drawMode":0,"name":"Shaded","section":"Shading Mode"},"sceneLighting":false,"audioPlay":false,"sceneViewState":{"showFog":true,"showMaterialUpdate":false,"showSkybox":false,"showFlares":true,"showImageEffects":true,"showParticleSystems":true},"in2DMode":false,"pivot":{"x":2.2181901931762697,"y":1.9854238033294678,"z":1.4737625122070313},"rotation":{"x":-0.015308988280594349,"y":-0.000002593100589365349,"z":4.1006637729879005e-7,"w":-0.9998849034309387},"size":18.23409080505371,"orthographic":false}