{"cameraMode":{"drawMode":0,"name":"Shaded","section":"Shading Mode"},"sceneLighting":false,"audioPlay":false,"sceneViewState":{"showFog":true,"showMaterialUpdate":false,"showSkybox":false,"showFlares":true,"showImageEffects":true,"showParticleSystems":true},"in2DMode":false,"pivot":{"x":4.415069580078125,"y":-1.0750923156738282,"z":68.40644836425781},"rotation":{"x":0.0520949624478817,"y":0.05240191891789436,"z":0.002737702103331685,"w":-0.9972646236419678},"size":2.339900016784668,"orthographic":false}